expRet, stdDev, skew, kurt
68.78,349.1,-0.136549,0.114695
