expRet, stdDev, skew, kurt
68.78,15.324,0.114695,-0.136549
